[{
 "id_": "1",
 "photo": "http://lugaresdeinteres.webcindario.com/Ports-de-Tortosa-Beseit.gif",
 "Name": "Los Ports de Tortosa",
 "Gastronomi": "The esquisites the expensive bar restaurant ports Beseit are very good and are their specialty.",
 "Ranking": "5 Starts",
 "location": "0.312653,-40.86368"
 }, {
 "id_": "2",
 "photo": "http://lugaresdeinteres.webcindario.com/Castelle_de_la_Suda.jpg",
 "Name": "Parado de Tortosa",
 "Gastronomi": " These are meat, fish and the best dish it is the meat tipoco cordeno with a sauce of caramelized onions bathed with honey and a touch of cognac.",
 "Ranking": "5 Stars ",
 "location": "0.52323,-40.81486"
 }, {
 "id_": "3",
 "photo": "http://lugaresdeinteres.webcindario.com/Catedral_de_Tortosa.jpg",
 "Name": "La Catedral de la Cinta Tortosa",
 "Gastronomi": "Nothing gastronimi is religius",
 "Ranking": "5 Stars",
 "location": "40.8143,-0.522447"
 }, {
 "id_": "4",
 "photo": "http://lugaresdeinteres.webcindario.com/Convent_de_Santa_Clara_(Tortosa),_esgl%C3%A9sia_vella.jpg",
 "Name": "Convent de Santa Clara Tortosa",
 "Gastronomi": "Pasta of the convent of Santa Clara are very sweet and are very good and the fantasy and danger nuns and name are the typical pastries Destin (The nun farts).",
 "Ranking": "5 Stars",
 "location": "40.8123,-0.524838"
 }, {
 "id_": "5",
 "photo": "http://lugaresdeinteres.webcindario.com/Delta-del_ebre.jpg",
 "Name": "Delta de L´Ebre",
 "Gastronomi": "The Ebro Delta has a very good rice. Both the famous artichokes in rice.",
 "Ranking": "5 Stars",
 "location": "0.7230895243530724,-40.72263451312286"
 }, {
 "id_": "6",
 "photo": "http://lugaresdeinteres.webcindario.com/ambllagostinsampolla.jpg",
 "Name": "La Ampolla",
 "Gastronomi": "The bottle has several dishes and most typical dishes are oysters which are both very good and very tasty as the famous rice Bogavante and you have a very good and seafood and fish esquisit.",
 "Ranking": "5 Stars",
 "location": "40.814167,-0.71"
 }, {
 "id_": "7",
 "photo": "http://lugaresdeinteres.webcindario.com/56DDA_0306.jpg",
 "Name": "La musqulera Sant Carles de la Rapita",
 "Gastronomi": "In Sant Carles de la Ràpita mussels are the natural or mariena tene a sailor and a fish esquisit.",
 "Ranking": "5 Stars",
 "location": "40.616667,- 0.591667"
 }]